[

  {

    "id": "6281385402498-1619768166@g.us",

    "text": "Halo @user, grup ini akan di tutup sementara, silahkan gabung ke grup berikut untuk menggunakan bot\nhttps://chat.whatsapp.com/GasFgTYdvMKHhoJc7Whw7E"

  },

  {

    "id": "593997688633-1621622028@g.us",

    "text": "Halo @user, grup ini akan di tutup sementara, silahkan gabung ke grup berikut untuk menggunakan bot\nhttps://chat.whatsapp.com/GasFgTYdvMKHhoJc7Whw7E"

  },

  {

    "id": "593997688633-1621946934@g.us",

    "text": "Halo @user, grup ini akan di tutup sementara, silahkan gabung ke grup berikut untuk menggunakan bot\nhttps://chat.whatsapp.com/GasFgTYdvMKHhoJc7Whw7E"

  },

  {

    "id": "6288279575513-1618808091@g.us",

    "text": "Halo @user, grup ini akan di tutup sementara, silahkan gabung ke grup berikut untuk menggunakan bot\nhttps://chat.whatsapp.com/GasFgTYdvMKHhoJc7Whw7E"

  }

]
